{
  "hour_weights": [
    0.005673076486686424,
    0.005232845751319558,
    0.00496053807995861,
    0.005196538061804764,
    0.005228307290130209,
    0.005713922637390566,
    0.008786460862579934,
    0.3129178220832445,
    0.2917186698677946,
    0.10536491497192962,
    0.016533614112798915,
    0.035658689564716184,
    0.059176995447923424,
    0.060406918430237044,
    0.024480459655349257,
    0.004842538089035532,
    0.004306999668692333,
    0.005014999614230799,
    0.006299384130816606,
    0.006376537971035541,
    0.006716922560236726,
    0.006626153336449743,
    0.007143537912035545,
    0.005623153413603583
  ],
  "night_rate": 0.04477191963292926,
  "source": "CERT r4.2 logon.csv",
  "rows_used": 220339
}